id,question_number,title,title_slug,difficulty,topics,url,active,notes,source
two-sum,1,两数之和,two-sum,EASY,"Array,Hash Table",https://leetcode.cn/problems/two-sum/,true,,leetcode-hot100
group-anagrams,49,字母异位词分组,group-anagrams,MEDIUM,"Array,Hash Table,String,Sorting",https://leetcode.cn/problems/group-anagrams/,true,,leetcode-hot100
longest-consecutive-sequence,128,最长连续序列,longest-consecutive-sequence,MEDIUM,"Union Find,Array,Hash Table",https://leetcode.cn/problems/longest-consecutive-sequence/,true,,leetcode-hot100
move-zeroes,283,移动零,move-zeroes,EASY,"Array,Two Pointers",https://leetcode.cn/problems/move-zeroes/,true,,leetcode-hot100
container-with-most-water,11,盛最多水的容器,container-with-most-water,MEDIUM,"Greedy,Array,Two Pointers",https://leetcode.cn/problems/container-with-most-water/,true,,leetcode-hot100
3sum,15,三数之和,3sum,MEDIUM,"Array,Two Pointers,Sorting",https://leetcode.cn/problems/3sum/,true,,leetcode-hot100
trapping-rain-water,42,接雨水,trapping-rain-water,HARD,"Stack,Array,Two Pointers,Dynamic Programming,Monotonic Stack",https://leetcode.cn/problems/trapping-rain-water/,true,,leetcode-hot100
longest-substring-without-repeating-characters,3,无重复字符的最长子串,longest-substring-without-repeating-characters,MEDIUM,"Hash Table,String,Sliding Window",https://leetcode.cn/problems/longest-substring-without-repeating-characters/,true,,leetcode-hot100
find-all-anagrams-in-a-string,438,找到字符串中所有字母异位词,find-all-anagrams-in-a-string,MEDIUM,"Hash Table,String,Sliding Window",https://leetcode.cn/problems/find-all-anagrams-in-a-string/,true,,leetcode-hot100
subarray-sum-equals-k,560,和为 K 的子数组,subarray-sum-equals-k,MEDIUM,"Array,Hash Table,Prefix Sum",https://leetcode.cn/problems/subarray-sum-equals-k/,true,,leetcode-hot100
sliding-window-maximum,239,滑动窗口最大值,sliding-window-maximum,HARD,"Queue,Array,Sliding Window,Monotonic Queue,Heap (Priority Queue),区间最值查询",https://leetcode.cn/problems/sliding-window-maximum/,true,,leetcode-hot100
minimum-window-substring,76,最小覆盖子串,minimum-window-substring,HARD,"Hash Table,String,Sliding Window",https://leetcode.cn/problems/minimum-window-substring/,true,,leetcode-hot100
maximum-subarray,53,最大子数组和,maximum-subarray,MEDIUM,"Array,Divide and Conquer,Dynamic Programming",https://leetcode.cn/problems/maximum-subarray/,true,,leetcode-hot100
merge-intervals,56,合并区间,merge-intervals,MEDIUM,"Array,Sorting,快速排序",https://leetcode.cn/problems/merge-intervals/,true,,leetcode-hot100
rotate-array,189,轮转数组,rotate-array,MEDIUM,"Array,Math,Two Pointers",https://leetcode.cn/problems/rotate-array/,true,,leetcode-hot100
product-of-array-except-self,238,除了自身以外数组的乘积,product-of-array-except-self,MEDIUM,"Array,Prefix Sum",https://leetcode.cn/problems/product-of-array-except-self/,true,,leetcode-hot100
first-missing-positive,41,缺失的第一个正数,first-missing-positive,HARD,"Array,Hash Table",https://leetcode.cn/problems/first-missing-positive/,true,,leetcode-hot100
set-matrix-zeroes,73,矩阵置零,set-matrix-zeroes,MEDIUM,"Array,Hash Table,Matrix",https://leetcode.cn/problems/set-matrix-zeroes/,true,,leetcode-hot100
spiral-matrix,54,螺旋矩阵,spiral-matrix,MEDIUM,"Array,Matrix,Simulation",https://leetcode.cn/problems/spiral-matrix/,true,,leetcode-hot100
rotate-image,48,旋转图像,rotate-image,MEDIUM,"Array,Math,Matrix",https://leetcode.cn/problems/rotate-image/,true,,leetcode-hot100
search-a-2d-matrix-ii,240,搜索二维矩阵 II,search-a-2d-matrix-ii,MEDIUM,"Array,Binary Search,Divide and Conquer,Matrix",https://leetcode.cn/problems/search-a-2d-matrix-ii/,true,,leetcode-hot100
intersection-of-two-linked-lists,160,相交链表,intersection-of-two-linked-lists,EASY,"Hash Table,Linked List,Two Pointers",https://leetcode.cn/problems/intersection-of-two-linked-lists/,true,,leetcode-hot100
reverse-linked-list,206,反转链表,reverse-linked-list,EASY,"Recursion,Linked List",https://leetcode.cn/problems/reverse-linked-list/,true,,leetcode-hot100
palindrome-linked-list,234,回文链表,palindrome-linked-list,EASY,"Stack,Recursion,Linked List,Two Pointers",https://leetcode.cn/problems/palindrome-linked-list/,true,,leetcode-hot100
linked-list-cycle,141,环形链表,linked-list-cycle,EASY,"Hash Table,Linked List,Two Pointers,Floyd 判圈算法",https://leetcode.cn/problems/linked-list-cycle/,true,,leetcode-hot100
linked-list-cycle-ii,142,环形链表 II,linked-list-cycle-ii,MEDIUM,"Hash Table,Linked List,Two Pointers,Floyd 判圈算法",https://leetcode.cn/problems/linked-list-cycle-ii/,true,,leetcode-hot100
merge-two-sorted-lists,21,合并两个有序链表,merge-two-sorted-lists,EASY,"Recursion,Linked List",https://leetcode.cn/problems/merge-two-sorted-lists/,true,,leetcode-hot100
add-two-numbers,2,两数相加,add-two-numbers,MEDIUM,"Recursion,Linked List,Math",https://leetcode.cn/problems/add-two-numbers/,true,,leetcode-hot100
remove-nth-node-from-end-of-list,19,删除链表的倒数第 N 个结点,remove-nth-node-from-end-of-list,MEDIUM,"Linked List,Two Pointers",https://leetcode.cn/problems/remove-nth-node-from-end-of-list/,true,,leetcode-hot100
swap-nodes-in-pairs,24,两两交换链表中的节点,swap-nodes-in-pairs,MEDIUM,"Recursion,Linked List",https://leetcode.cn/problems/swap-nodes-in-pairs/,true,,leetcode-hot100
reverse-nodes-in-k-group,25,K 个一组翻转链表,reverse-nodes-in-k-group,HARD,"Recursion,Linked List",https://leetcode.cn/problems/reverse-nodes-in-k-group/,true,,leetcode-hot100
copy-list-with-random-pointer,138,随机链表的复制,copy-list-with-random-pointer,MEDIUM,"Hash Table,Linked List",https://leetcode.cn/problems/copy-list-with-random-pointer/,true,,leetcode-hot100
sort-list,148,排序链表,sort-list,MEDIUM,"Linked List,Two Pointers,Divide and Conquer,Sorting,Merge Sort",https://leetcode.cn/problems/sort-list/,true,,leetcode-hot100
merge-k-sorted-lists,23,合并 K 个升序链表,merge-k-sorted-lists,HARD,"Linked List,Divide and Conquer,Heap (Priority Queue),Merge Sort,锦标赛排序",https://leetcode.cn/problems/merge-k-sorted-lists/,true,,leetcode-hot100
lru-cache,146,LRU 缓存,lru-cache,MEDIUM,"Design,Hash Table,Linked List,Doubly-Linked List",https://leetcode.cn/problems/lru-cache/,true,,leetcode-hot100
binary-tree-inorder-traversal,94,二叉树的中序遍历,binary-tree-inorder-traversal,EASY,"Stack,Tree,Depth-First Search,Binary Tree",https://leetcode.cn/problems/binary-tree-inorder-traversal/,true,,leetcode-hot100
maximum-depth-of-binary-tree,104,二叉树的最大深度,maximum-depth-of-binary-tree,EASY,"Tree,Depth-First Search,Breadth-First Search,Binary Tree",https://leetcode.cn/problems/maximum-depth-of-binary-tree/,true,,leetcode-hot100
invert-binary-tree,226,翻转二叉树,invert-binary-tree,EASY,"Tree,Depth-First Search,Breadth-First Search,Binary Tree",https://leetcode.cn/problems/invert-binary-tree/,true,,leetcode-hot100
symmetric-tree,101,对称二叉树,symmetric-tree,EASY,"Tree,Depth-First Search,Breadth-First Search,Binary Tree",https://leetcode.cn/problems/symmetric-tree/,true,,leetcode-hot100
diameter-of-binary-tree,543,二叉树的直径,diameter-of-binary-tree,EASY,"Tree,Depth-First Search,Binary Tree,树形 DP",https://leetcode.cn/problems/diameter-of-binary-tree/,true,,leetcode-hot100
binary-tree-level-order-traversal,102,二叉树的层序遍历,binary-tree-level-order-traversal,MEDIUM,"Tree,Breadth-First Search,Binary Tree",https://leetcode.cn/problems/binary-tree-level-order-traversal/,true,,leetcode-hot100
convert-sorted-array-to-binary-search-tree,108,将有序数组转换为二叉搜索树,convert-sorted-array-to-binary-search-tree,EASY,"Tree,Binary Search Tree,Array,Divide and Conquer,Binary Tree",https://leetcode.cn/problems/convert-sorted-array-to-binary-search-tree/,true,,leetcode-hot100
validate-binary-search-tree,98,验证二叉搜索树,validate-binary-search-tree,MEDIUM,"Tree,Depth-First Search,Binary Search Tree,Binary Tree",https://leetcode.cn/problems/validate-binary-search-tree/,true,,leetcode-hot100
kth-smallest-element-in-a-bst,230,二叉搜索树中第 K 小的元素,kth-smallest-element-in-a-bst,MEDIUM,"Tree,Depth-First Search,Binary Search Tree,Binary Tree",https://leetcode.cn/problems/kth-smallest-element-in-a-bst/,true,,leetcode-hot100
binary-tree-right-side-view,199,二叉树的右视图,binary-tree-right-side-view,MEDIUM,"Tree,Depth-First Search,Breadth-First Search,Binary Tree",https://leetcode.cn/problems/binary-tree-right-side-view/,true,,leetcode-hot100
flatten-binary-tree-to-linked-list,114,二叉树展开为链表,flatten-binary-tree-to-linked-list,MEDIUM,"Stack,Tree,Depth-First Search,Linked List,Binary Tree",https://leetcode.cn/problems/flatten-binary-tree-to-linked-list/,true,,leetcode-hot100
construct-binary-tree-from-preorder-and-inorder-traversal,105,从前序与中序遍历序列构造二叉树,construct-binary-tree-from-preorder-and-inorder-traversal,MEDIUM,"Tree,Array,Hash Table,Divide and Conquer,Binary Tree",https://leetcode.cn/problems/construct-binary-tree-from-preorder-and-inorder-traversal/,true,,leetcode-hot100
path-sum-iii,437,路径总和 III,path-sum-iii,MEDIUM,"Tree,Depth-First Search,Binary Tree",https://leetcode.cn/problems/path-sum-iii/,true,,leetcode-hot100
lowest-common-ancestor-of-a-binary-tree,236,二叉树的最近公共祖先,lowest-common-ancestor-of-a-binary-tree,MEDIUM,"Tree,Depth-First Search,Binary Tree,最近公共祖先,Binary Lifting",https://leetcode.cn/problems/lowest-common-ancestor-of-a-binary-tree/,true,,leetcode-hot100
binary-tree-maximum-path-sum,124,二叉树中的最大路径和,binary-tree-maximum-path-sum,HARD,"Tree,Depth-First Search,Dynamic Programming,Binary Tree,树形 DP",https://leetcode.cn/problems/binary-tree-maximum-path-sum/,true,,leetcode-hot100
number-of-islands,200,岛屿数量,number-of-islands,MEDIUM,"Depth-First Search,Breadth-First Search,Union Find,Array,Matrix",https://leetcode.cn/problems/number-of-islands/,true,,leetcode-hot100
rotting-oranges,994,腐烂的橘子,rotting-oranges,MEDIUM,"Breadth-First Search,Array,Matrix",https://leetcode.cn/problems/rotting-oranges/,true,,leetcode-hot100
course-schedule,207,课程表,course-schedule,MEDIUM,"Depth-First Search,Breadth-First Search,Graph,Topological Sort,有向无环图",https://leetcode.cn/problems/course-schedule/,true,,leetcode-hot100
implement-trie-prefix-tree,208,实现 Trie (前缀树),implement-trie-prefix-tree,MEDIUM,"Design,Trie,Hash Table,String",https://leetcode.cn/problems/implement-trie-prefix-tree/,true,,leetcode-hot100
permutations,46,全排列,permutations,MEDIUM,"Array,Backtracking",https://leetcode.cn/problems/permutations/,true,,leetcode-hot100
subsets,78,子集,subsets,MEDIUM,"Bit Manipulation,Array,Backtracking",https://leetcode.cn/problems/subsets/,true,,leetcode-hot100
letter-combinations-of-a-phone-number,17,电话号码的字母组合,letter-combinations-of-a-phone-number,MEDIUM,"Hash Table,String,Backtracking",https://leetcode.cn/problems/letter-combinations-of-a-phone-number/,true,,leetcode-hot100
combination-sum,39,组合总和,combination-sum,MEDIUM,"Array,Backtracking",https://leetcode.cn/problems/combination-sum/,true,,leetcode-hot100
generate-parentheses,22,括号生成,generate-parentheses,MEDIUM,"String,Dynamic Programming,Backtracking,括号序列",https://leetcode.cn/problems/generate-parentheses/,true,,leetcode-hot100
word-search,79,单词搜索,word-search,MEDIUM,"Depth-First Search,Array,String,Backtracking,Matrix",https://leetcode.cn/problems/word-search/,true,,leetcode-hot100
palindrome-partitioning,131,分割回文串,palindrome-partitioning,MEDIUM,"String,Dynamic Programming,Backtracking",https://leetcode.cn/problems/palindrome-partitioning/,true,,leetcode-hot100
n-queens,51,N 皇后,n-queens,HARD,"Array,Backtracking,X 算法",https://leetcode.cn/problems/n-queens/,true,,leetcode-hot100
search-insert-position,35,搜索插入位置,search-insert-position,EASY,"Array,Binary Search",https://leetcode.cn/problems/search-insert-position/,true,,leetcode-hot100
search-a-2d-matrix,74,搜索二维矩阵,search-a-2d-matrix,MEDIUM,"Array,Binary Search,Matrix",https://leetcode.cn/problems/search-a-2d-matrix/,true,,leetcode-hot100
find-first-and-last-position-of-element-in-sorted-array,34,在排序数组中查找元素的第一个和最后一个位置,find-first-and-last-position-of-element-in-sorted-array,MEDIUM,"Array,Binary Search",https://leetcode.cn/problems/find-first-and-last-position-of-element-in-sorted-array/,true,,leetcode-hot100
search-in-rotated-sorted-array,33,搜索旋转排序数组,search-in-rotated-sorted-array,MEDIUM,"Array,Binary Search",https://leetcode.cn/problems/search-in-rotated-sorted-array/,true,,leetcode-hot100
find-minimum-in-rotated-sorted-array,153,寻找旋转排序数组中的最小值,find-minimum-in-rotated-sorted-array,MEDIUM,"Array,Binary Search",https://leetcode.cn/problems/find-minimum-in-rotated-sorted-array/,true,,leetcode-hot100
median-of-two-sorted-arrays,4,寻找两个正序数组的中位数,median-of-two-sorted-arrays,HARD,"Array,Binary Search,Divide and Conquer",https://leetcode.cn/problems/median-of-two-sorted-arrays/,true,,leetcode-hot100
valid-parentheses,20,有效的括号,valid-parentheses,EASY,"Stack,String,括号序列",https://leetcode.cn/problems/valid-parentheses/,true,,leetcode-hot100
min-stack,155,最小栈,min-stack,MEDIUM,"Stack,Design",https://leetcode.cn/problems/min-stack/,true,,leetcode-hot100
decode-string,394,字符串解码,decode-string,MEDIUM,"Stack,Recursion,String",https://leetcode.cn/problems/decode-string/,true,,leetcode-hot100
daily-temperatures,739,每日温度,daily-temperatures,MEDIUM,"Stack,Array,Monotonic Stack",https://leetcode.cn/problems/daily-temperatures/,true,,leetcode-hot100
largest-rectangle-in-histogram,84,柱状图中最大的矩形,largest-rectangle-in-histogram,HARD,"Stack,Array,Monotonic Stack,区间最值查询",https://leetcode.cn/problems/largest-rectangle-in-histogram/,true,,leetcode-hot100
kth-largest-element-in-an-array,215,数组中的第K个最大元素,kth-largest-element-in-an-array,MEDIUM,"Array,Divide and Conquer,Quickselect,Sorting,Heap (Priority Queue)",https://leetcode.cn/problems/kth-largest-element-in-an-array/,true,,leetcode-hot100
top-k-frequent-elements,347,前 K 个高频元素,top-k-frequent-elements,MEDIUM,"Array,Hash Table,Divide and Conquer,Bucket Sort,Counting,Quickselect,Sorting,Heap (Priority Queue)",https://leetcode.cn/problems/top-k-frequent-elements/,true,,leetcode-hot100
find-median-from-data-stream,295,数据流的中位数,find-median-from-data-stream,HARD,"Design,Two Pointers,Data Stream,Sorting,Heap (Priority Queue)",https://leetcode.cn/problems/find-median-from-data-stream/,true,,leetcode-hot100
best-time-to-buy-and-sell-stock,121,买卖股票的最佳时机,best-time-to-buy-and-sell-stock,EASY,"Array,Dynamic Programming",https://leetcode.cn/problems/best-time-to-buy-and-sell-stock/,true,,leetcode-hot100
jump-game,55,跳跃游戏,jump-game,MEDIUM,"Greedy,Array,Dynamic Programming",https://leetcode.cn/problems/jump-game/,true,,leetcode-hot100
jump-game-ii,45,跳跃游戏 II,jump-game-ii,MEDIUM,"Greedy,Array,Dynamic Programming",https://leetcode.cn/problems/jump-game-ii/,true,,leetcode-hot100
partition-labels,763,划分字母区间,partition-labels,MEDIUM,"Greedy,Hash Table,Two Pointers,String",https://leetcode.cn/problems/partition-labels/,true,,leetcode-hot100
climbing-stairs,70,爬楼梯,climbing-stairs,EASY,"Memoization,Math,Dynamic Programming",https://leetcode.cn/problems/climbing-stairs/,true,,leetcode-hot100
pascals-triangle,118,杨辉三角,pascals-triangle,EASY,"Array,Dynamic Programming",https://leetcode.cn/problems/pascals-triangle/,true,,leetcode-hot100
house-robber,198,打家劫舍,house-robber,MEDIUM,"Array,Dynamic Programming",https://leetcode.cn/problems/house-robber/,true,,leetcode-hot100
perfect-squares,279,完全平方数,perfect-squares,MEDIUM,"Breadth-First Search,Math,Dynamic Programming,背包问题,完全背包",https://leetcode.cn/problems/perfect-squares/,true,,leetcode-hot100
coin-change,322,零钱兑换,coin-change,MEDIUM,"Breadth-First Search,Array,Dynamic Programming,背包问题,完全背包",https://leetcode.cn/problems/coin-change/,true,,leetcode-hot100
word-break,139,单词拆分,word-break,MEDIUM,"Trie,Memoization,Array,Hash Table,String,Dynamic Programming,Brute-Force Search",https://leetcode.cn/problems/word-break/,true,,leetcode-hot100
longest-increasing-subsequence,300,最长递增子序列,longest-increasing-subsequence,MEDIUM,"Array,Binary Search,Dynamic Programming,最长上升子序列",https://leetcode.cn/problems/longest-increasing-subsequence/,true,,leetcode-hot100
maximum-product-subarray,152,乘积最大子数组,maximum-product-subarray,MEDIUM,"Array,Dynamic Programming",https://leetcode.cn/problems/maximum-product-subarray/,true,,leetcode-hot100
partition-equal-subset-sum,416,分割等和子集,partition-equal-subset-sum,MEDIUM,"Array,Dynamic Programming,背包问题,0-1 背包",https://leetcode.cn/problems/partition-equal-subset-sum/,true,,leetcode-hot100
longest-valid-parentheses,32,最长有效括号,longest-valid-parentheses,HARD,"Stack,String,Dynamic Programming,括号序列",https://leetcode.cn/problems/longest-valid-parentheses/,true,,leetcode-hot100
unique-paths,62,不同路径,unique-paths,MEDIUM,"Math,Dynamic Programming,Combinatorics",https://leetcode.cn/problems/unique-paths/,true,,leetcode-hot100
minimum-path-sum,64,最小路径和,minimum-path-sum,MEDIUM,"Array,Dynamic Programming,Matrix",https://leetcode.cn/problems/minimum-path-sum/,true,,leetcode-hot100
longest-palindromic-substring,5,最长回文子串,longest-palindromic-substring,MEDIUM,"Two Pointers,String,Dynamic Programming,Manacher 算法",https://leetcode.cn/problems/longest-palindromic-substring/,true,,leetcode-hot100
longest-common-subsequence,1143,最长公共子序列,longest-common-subsequence,MEDIUM,"String,Dynamic Programming,最长公共子序列",https://leetcode.cn/problems/longest-common-subsequence/,true,,leetcode-hot100
edit-distance,72,编辑距离,edit-distance,MEDIUM,"String,Dynamic Programming",https://leetcode.cn/problems/edit-distance/,true,,leetcode-hot100
single-number,136,只出现一次的数字,single-number,EASY,"Bit Manipulation,Array",https://leetcode.cn/problems/single-number/,true,,leetcode-hot100
majority-element,169,多数元素,majority-element,EASY,"Array,Hash Table,Divide and Conquer,Counting,Sorting,摩尔投票算法",https://leetcode.cn/problems/majority-element/,true,,leetcode-hot100
sort-colors,75,颜色分类,sort-colors,MEDIUM,"Array,Two Pointers,冒泡排序,Sorting,快速排序",https://leetcode.cn/problems/sort-colors/,true,,leetcode-hot100
next-permutation,31,下一个排列,next-permutation,MEDIUM,"Array,Two Pointers",https://leetcode.cn/problems/next-permutation/,true,,leetcode-hot100
find-the-duplicate-number,287,寻找重复数,find-the-duplicate-number,MEDIUM,"Bit Manipulation,Array,Two Pointers,Binary Search,Floyd 判圈算法,抽屉原理",https://leetcode.cn/problems/find-the-duplicate-number/,true,,leetcode-hot100
